time,cpu,rss,vsz,threads
5,0.0,3324,7768,1
10,0.0,3324,7768,1
15,0.0,3324,7768,1
20,0.0,3324,7768,1
25,0.0,3324,7768,1
30,0.0,3324,7768,1
35,0.0,3324,7768,1
40,0.0,3324,7768,1
45,0.0,3324,7768,1
50,0.0,3324,7768,1
55,0.0,3324,7768,1
60,0.0,3324,7768,1
65,0.0,3324,7768,1
70,0.0,3324,7768,1
75,0.0,3324,7768,1
80,0.0,3324,7768,1
85,0.0,3324,7768,1
90,0.0,3324,7768,1
95,0.0,3324,7768,1
100,0.0,3324,7768,1
105,0.0,3324,7768,1
110,0.0,3324,7768,1
115,0.0,3324,7768,1
120,0.0,3324,7768,1
125,0.0,3324,7768,1
130,0.0,3324,7768,1
135,0.0,3324,7768,1
140,0.0,3324,7768,1
145,0.0,3324,7768,1
150,0.0,3324,7768,1
155,0.0,3324,7768,1
160,0.0,3324,7768,1
165,0.0,3324,7768,1
170,0.0,3324,7768,1
175,0.0,3324,7768,1
180,0.0,3324,7768,1
185,0.0,3324,7768,1
190,0.0,3324,7768,1
195,0.0,3324,7768,1
200,0.0,3324,7768,1
205,0.0,3324,7768,1
210,0.0,3324,7768,1
215,0.0,3324,7768,1
220,0.0,3324,7768,1
225,0.0,3324,7768,1
230,0.0,3324,7768,1
235,0.0,3324,7768,1
240,0.0,3324,7768,1
245,0.0,3324,7768,1
250,0.0,3324,7768,1
255,0.0,3324,7768,1
260,0.0,3324,7768,1
265,0.0,3324,7768,1
270,0.0,3324,7768,1
275,0.0,3324,7768,1
280,0.0,3324,7768,1
285,0.0,3324,7768,1
290,0.0,3324,7768,1
295,0.0,3324,7768,1
300,0.0,3324,7768,1
